{
  "direction": "Patient \u2192 Therapist",
  "session": "y_06",
  "n_significant": 5,
  "duration_s": 3012.642043138774,
  "analysis_time_s": 4705.117913484573,
  "gpu": 0,
  "pathway_summary": {
    "blendshapes_v2->blendshapes_v2": {
      "mean_dr2": 0.18210168182849884,
      "significant": true
    },
    "eeg_interbrain->eeg_wavelet": {
      "mean_dr2": 0.012019877322018147,
      "significant": true
    },
    "eeg_interbrain->ecg_features_v2": {
      "mean_dr2": 0.0048703583888709545,
      "significant": true
    },
    "eeg_interbrain->blendshapes_v2": {
      "mean_dr2": 0.2474074810743332,
      "significant": true
    },
    "eeg_interbrain->Pose": {
      "mean_dr2": 0.45971354842185974,
      "significant": true
    }
  },
  "detection": {
    "blendshapes_v2->blendshapes_v2": {
      "detected": true,
      "sig_rate": 0.23174455655868295,
      "n_sig": 3491,
      "n_total": 15064,
      "binom_p": 0.0,
      "mean_dr2": 0.18210168182849884,
      "t_stat": 140.92800903320312,
      "t_p": 0.0
    },
    "eeg_interbrain->eeg_wavelet": {
      "detected": true,
      "sig_rate": 0.2527217206585236,
      "n_sig": 3807,
      "n_total": 15064,
      "binom_p": 0.0,
      "mean_dr2": 0.012019877322018147,
      "t_stat": 10.244214057922363,
      "t_p": 7.561729251951753e-25
    },
    "eeg_interbrain->ecg_features_v2": {
      "detected": true,
      "sig_rate": 0.8959771640998406,
      "n_sig": 13497,
      "n_total": 15064,
      "binom_p": 0.0,
      "mean_dr2": 0.0048703583888709545,
      "t_stat": 22.032983779907227,
      "t_p": 0.0
    },
    "eeg_interbrain->blendshapes_v2": {
      "detected": true,
      "sig_rate": 0.5701009028146574,
      "n_sig": 8588,
      "n_total": 15064,
      "binom_p": 0.0,
      "mean_dr2": 0.2474074810743332,
      "t_stat": 119.49102783203125,
      "t_p": 0.0
    },
    "eeg_interbrain->pose_features": {
      "detected": true,
      "sig_rate": 0.6275889537971322,
      "n_sig": 9454,
      "n_total": 15064,
      "binom_p": 0.0,
      "mean_dr2": 0.45971354842185974,
      "t_stat": 192.6649627685547,
      "t_p": 0.0
    }
  }
}