{
  "direction": "Therapist \u2192 Patient",
  "session": "y_06",
  "n_significant": 6,
  "duration_s": 3012.642043138774,
  "analysis_time_s": 4763.78843331337,
  "gpu": 1,
  "pathway_summary": {
    "ecg_features_v2->blendshapes_v2": {
      "mean_dr2": 0.06000898405909538,
      "significant": true
    },
    "eeg_wavelet->blendshapes_v2": {
      "mean_dr2": 0.18710574507713318,
      "significant": true
    },
    "blendshapes_v2->blendshapes_v2": {
      "mean_dr2": 0.130953848361969,
      "significant": true
    },
    "eeg_interbrain->ecg_features_v2": {
      "mean_dr2": 0.005463723558932543,
      "significant": true
    },
    "eeg_interbrain->blendshapes_v2": {
      "mean_dr2": 0.16383901238441467,
      "significant": true
    },
    "eeg_interbrain->Pose": {
      "mean_dr2": 0.25958648324012756,
      "significant": true
    }
  },
  "detection": {
    "ecg_features_v2->blendshapes_v2": {
      "detected": false,
      "sig_rate": 0.04759691980881572,
      "n_sig": 717,
      "n_total": 15064,
      "binom_p": 0.9157597241818834,
      "mean_dr2": 0.06000898405909538,
      "t_stat": 24.41592025756836,
      "t_p": 0.0
    },
    "eeg_wavelet->blendshapes_v2": {
      "detected": true,
      "sig_rate": 0.1692777482740308,
      "n_sig": 2550,
      "n_total": 15064,
      "binom_p": 0.0,
      "mean_dr2": 0.18710574507713318,
      "t_stat": 98.41201782226562,
      "t_p": 0.0
    },
    "blendshapes_v2->blendshapes_v2": {
      "detected": true,
      "sig_rate": 0.12798725438130643,
      "n_sig": 1928,
      "n_total": 15064,
      "binom_p": 7.027673539528119e-301,
      "mean_dr2": 0.130953848361969,
      "t_stat": 103.59457397460938,
      "t_p": 0.0
    },
    "eeg_interbrain->ecg_features_v2": {
      "detected": true,
      "sig_rate": 0.5424190122145512,
      "n_sig": 8171,
      "n_total": 15064,
      "binom_p": 0.0,
      "mean_dr2": 0.005463723558932543,
      "t_stat": 6.192999839782715,
      "t_p": 3.028109429870085e-10
    },
    "eeg_interbrain->blendshapes_v2": {
      "detected": true,
      "sig_rate": 0.09041423260754115,
      "n_sig": 1362,
      "n_total": 15064,
      "binom_p": 4.7499332314808903e-94,
      "mean_dr2": 0.16383901238441467,
      "t_stat": 58.01328659057617,
      "t_p": 0.0
    },
    "eeg_interbrain->pose_features": {
      "detected": false,
      "sig_rate": 0.0,
      "n_sig": 0,
      "n_total": 15064,
      "binom_p": 1.0,
      "mean_dr2": 0.25958648324012756,
      "t_stat": 77.70355224609375,
      "t_p": 0.0
    }
  }
}